listener_id,u_name
1,Woodmeal
2,Mizzenmast
3,Encephaloid
4,Lugubrious
5,Plutonomy
6,DarkbanSnarky
7,Boursocrat
8,Mhtri_banTater
9,Hydrometer
10,Denouement
11,Nigrosine
12,Scuttlebutt
13,Solipsism
14,FurlougAdagio
15,Physiocracy
16,Conundrum
17,Radioscope
18,Peristeronic
19,Acrimony
20,TranquilCrud
21,Quadrille
22,KkaarrYahoo
23,Silenus
24,Malarkey
25,Poppycock
26,Vomitory
27,Schiller
28,Borborygmous
29,SeicFlype
30,LikeelBippy
31,Scelestic
32,Lollapalooza
33,Compaginate
34,LangosCoot
35,Folderol
36,Topsyturvy
37,Arpenteur
38,Braggart
39,Molybdosis
40,Zeppelin
41,Cardiograph
42,Jamboree
43,Atociastar_123
44,Haboob
45,Barmnoahk1123
46,Sacapuntas
47,Nakedize
48,Samovar
49,Arctophily
50,Pontoon
51,Chondroid
52,Gnomon
53,Stereognosis
54,Tiddlywinks
55,Eurhythmic
56,Headlong
57,Tabefaction
58,Interrobang
59,Steevecon27252
60,Scrofulous
61,Enounce
62,Bupkis
63,Palatial
64,Dumbfounded
65,Acatalectic
66,Hocuspocus
67,Aeolistic
68,Crotchet
69,Selenology
70,Wonky
71,Contabescent
72,Maverick
73,Gyrovague
74,Gorgonzola
75,Spherometer
76,Fardingbag
77,Trollko81
78,Mondegreen
79,Hydrology
80,Teepee
81,Demagogue
82,LordxenAplomb
83,Tiromancy
84,Spendthrift
85,Pulpitum
86,Snorkel
87,Polynesic
88,Shemomedjamo
89,Da_inKumiss
90,Behelmeted
91,Isocephaly
92,SlepicAkimbo
93,ShifrahObtund
94,CowboyNimrod
95,Oxygeusia
96,CitydragDollop
97,Essence
98,Bonkers
99,Isotropic
100,Pantaloons
101,Xerosis
102,Wiseacre
103,Axinomancy
104,Hippocampus
105,Zoogonous
106,CagedBotchy
107,LlanesGale
108,Dummkopf
109,SarilEsker
110,RomeUsurp
111,AnlrolNacket
112,Pjk20Ragtag
113,Gossypiboma
114,Shebang
115,Dacnomania
116,CorvixWigwam
117,Oenophile
118,VariesTopple
119,Humectation
120,Homunculus
121,Niaiserie
122,Froufrou
123,Glaciske11058
124,Normalcy
125,Lydianhockz13
126,Fussbudget
127,Minauderie
128,Earwig
129,Hylomorphism
130,Brainstorm
131,Equilibrist
132,Schluffy
133,Zootherapy
134,Bloviate
135,Prevoyant
136,Dumbwaiter
137,Antigalactic
138,Durst
139,Troglodytic
140,Blowback
141,Oradquid1999
142,Hootenanny
143,Micropolis
144,Hormone
145,Sungrazing
146,Trapezoid
147,Constate
148,Blindside
149,Cambistry
150,Periwinkle
151,Exenterate
152,Lothario
153,Quotiety
154,Humdinger
155,Ragmatical
156,Madcap
157,Roorback
158,Rumpa
159,Alamort
160,Noggin
